{
  "Navigate to Mac page" : {
    "transaction" : "Navigate to Mac page",
    "sampleCount" : 1,
    "errorCount" : 0,
    "errorPct" : 0.0,
    "meanResTime" : 405.0,
    "medianResTime" : 405.0,
    "minResTime" : 405.0,
    "maxResTime" : 405.0,
    "pct1ResTime" : 405.0,
    "pct2ResTime" : 405.0,
    "pct3ResTime" : 405.0,
    "throughput" : 2.4691358024691357,
    "receivedKBytesPerSec" : 20.982831790123456,
    "sentKBytesPerSec" : 1.0730131172839505
  },
  "Cart Page" : {
    "transaction" : "Cart Page",
    "sampleCount" : 1,
    "errorCount" : 0,
    "errorPct" : 0.0,
    "meanResTime" : 289.0,
    "medianResTime" : 289.0,
    "minResTime" : 289.0,
    "maxResTime" : 289.0,
    "pct1ResTime" : 289.0,
    "pct2ResTime" : 289.0,
    "pct3ResTime" : 289.0,
    "throughput" : 3.4602076124567476,
    "receivedKBytesPerSec" : 6.095912629757786,
    "sentKBytesPerSec" : 2.801281358131488
  },
  "Add to cart" : {
    "transaction" : "Add to cart",
    "sampleCount" : 1,
    "errorCount" : 0,
    "errorPct" : 0.0,
    "meanResTime" : 1068.0,
    "medianResTime" : 1068.0,
    "minResTime" : 1068.0,
    "maxResTime" : 1068.0,
    "pct1ResTime" : 1068.0,
    "pct2ResTime" : 1068.0,
    "pct3ResTime" : 1068.0,
    "throughput" : 0.9363295880149812,
    "receivedKBytesPerSec" : 1.836998185861423,
    "sentKBytesPerSec" : 0.6656718164794007
  },
  "Total" : {
    "transaction" : "Total",
    "sampleCount" : 6,
    "errorCount" : 1,
    "errorPct" : 16.666666,
    "meanResTime" : 1202.5,
    "medianResTime" : 1106.0,
    "minResTime" : 289.0,
    "maxResTime" : 3142.0,
    "pct1ResTime" : 3142.0,
    "pct2ResTime" : 3142.0,
    "pct3ResTime" : 3142.0,
    "throughput" : 0.8302200083022001,
    "receivedKBytesPerSec" : 4.0366475110696,
    "sentKBytesPerSec" : 0.440648998547115
  },
  "Search products" : {
    "transaction" : "Search products",
    "sampleCount" : 1,
    "errorCount" : 0,
    "errorPct" : 0.0,
    "meanResTime" : 1167.0,
    "medianResTime" : 1167.0,
    "minResTime" : 1167.0,
    "maxResTime" : 1167.0,
    "pct1ResTime" : 1167.0,
    "pct2ResTime" : 1167.0,
    "pct3ResTime" : 1167.0,
    "throughput" : 0.8568980291345331,
    "receivedKBytesPerSec" : 4.754779884318766,
    "sentKBytesPerSec" : 0.3615038560411311
  },
  "Home Page" : {
    "transaction" : "Home Page",
    "sampleCount" : 1,
    "errorCount" : 1,
    "errorPct" : 100.0,
    "meanResTime" : 3142.0,
    "medianResTime" : 3142.0,
    "minResTime" : 3142.0,
    "maxResTime" : 3142.0,
    "pct1ResTime" : 3142.0,
    "pct2ResTime" : 3142.0,
    "pct3ResTime" : 3142.0,
    "throughput" : 0.31826861871419476,
    "receivedKBytesPerSec" : 2.128732196849141,
    "sentKBytesPerSec" : 0.12183720560152769
  },
  "Navigate to cart" : {
    "transaction" : "Navigate to cart",
    "sampleCount" : 1,
    "errorCount" : 0,
    "errorPct" : 0.0,
    "meanResTime" : 1144.0,
    "medianResTime" : 1144.0,
    "minResTime" : 1144.0,
    "maxResTime" : 1144.0,
    "pct1ResTime" : 1144.0,
    "pct2ResTime" : 1144.0,
    "pct3ResTime" : 1144.0,
    "throughput" : 0.8741258741258742,
    "receivedKBytesPerSec" : 4.120513275786713,
    "sentKBytesPerSec" : 0.3713327687937063
  }
}